<?xml version="1.0" encoding="UTF-8" standalone="no"?>
<meals>
<!--    菜单信息-->
    <meal>
        <id>1</id>
        <name>小炒</name>
        <price>21.0</price>
        <likes>13</likes>
    </meal>
    <meal>
        <id>2</id>
        <name>红肠</name>
        <price>8.0</price>
        <likes>13</likes>
    </meal>
    <meal>
        <id>3</id>
        <name>烤鸭</name>
        <price>16.0</price>
        <likes>13</likes>
    </meal>
    <meal>
        <id>4</id>
        <name>土豆</name>
        <price>4.0</price>
        <likes>13</likes>
    </meal>
    <meal>
        <id>5</id>
        <name>地三鲜</name>
        <price>30.0</price>
        <likes>13</likes>
    </meal>
    <meal>
        <id>6</id>
        <name>红茶</name>
        <price>12.0</price>
        <likes>13</likes>
    </meal>
    <meal>
        <id>7</id>
        <name>绿茶</name>
        <price>12.0</price>
        <likes>13</likes>
    </meal>
    <meal>
        <id>8</id>
        <name>啤酒</name>
        <price>8.0</price>
        <likes>13</likes>
    </meal>
    <meal>
        <id>9</id>
        <name>红酒</name>
        <price>134.0</price>
        <likes>13</likes>
    </meal>
</meals>